FirstName,LastName,Gender,Age,Email,Phone,Education,Occupation,Experience,Salary
Isabella,Myers,Female,22,i.myers@randatmail.com,245-7732-86,Upper secondary,Driver,11,8009
Richard,Henderson,Male,29,r.henderson@randatmail.com,077-4830-46,Doctoral,Biochemist,1,4354
Amber,Holmes,Female,21,a.holmes@randatmail.com,879-7218-33,Bachelor,Botanist,5,6583
Aldus,Robinson,Male,25,a.robinson@randatmail.com,402-3959-87,Primary,Mechanic,4,6801
Florrie,Moore,Female,25,f.moore@randatmail.com,411-7891-46,Lower secondary,Medic,0,5010
Melissa,Hamilton,Female,29,m.hamilton@randatmail.com,397-7206-63,Doctoral,Geologist,3,6816
Andrew,Tucker,Male,23,a.tucker@randatmail.com,125-7424-91,Primary,Cook,7,8402
Ashton,Parker,Male,22,a.parker@randatmail.com,885-7113-03,Master,Economist,2,2850
Garry,Perkins,Male,26,g.perkins@randatmail.com,816-6498-07,Upper secondary,Pharmacist,9,818
Kevin,Myers,Male,27,k.myers@randatmail.com,294-4451-52,Doctoral,Lecturer,10,5204
Alford,Miller,Male,18,a.miller@randatmail.com,624-8922-72,Master,Police Officer,2,1919
Spike,Allen,Male,23,s.allen@randatmail.com,689-2749-12,Upper secondary,Archeologist,7,8697
April,Brown,Female,30,a.brown@randatmail.com,916-7477-67,Doctoral,Chef,15,9667
Owen,Clark,Male,29,o.clark@randatmail.com,633-7813-56,Lower secondary,Fashion Designer,10,4963
Eric,Evans,Male,25,e.evans@randatmail.com,445-7645-04,Doctoral,Chemist,12,5491
Sofia,Barrett,Female,25,s.barrett@randatmail.com,973-1501-43,Master,Journalist,9,4415
Jessica,Hall,Female,25,j.hall@randatmail.com,083-1015-86,Bachelor,Scientist,2,7167
Kellan,Murray,Male,27,k.murray@randatmail.com,173-6183-47,Doctoral,Composer,11,5945
Nicole,Howard,Female,23,n.howard@randatmail.com,766-2065-21,Lower secondary,Scientist,4,9187
Evelyn,Morrison,Female,26,e.morrison@randatmail.com,939-3599-45,Bachelor,Graphic Designer,13,3657
Max,Turner,Male,30,m.turner@randatmail.com,531-3063-12,Lower secondary,Driver,15,523
Violet,Montgomery,Female,25,v.montgomery@randatmail.com,552-0856-64,Primary,Geologist,5,3334
Hailey,Dixon,Female,22,h.dixon@randatmail.com,135-4722-96,Primary,Driver,7,3528
Tyler,Taylor,Male,24,t.taylor@randatmail.com,041-0851-74,Upper secondary,Lawer,3,4502
Sydney,Myers,Female,26,s.myers@randatmail.com,945-3607-01,Master,Baker,5,3812
Samantha,Brown,Female,22,s.brown@randatmail.com,373-8801-65,Lower secondary,Actor,6,8551
Nicholas,Evans,Male,26,n.evans@randatmail.com,039-4000-74,Bachelor,Lawer,9,8222
Agata,Cole,Female,18,a.cole@randatmail.com,021-9484-51,Doctoral,Economist,9,5771
Owen,Edwards,Male,28,o.edwards@randatmail.com,515-5966-91,Doctoral,Physicist,3,8627
Andrew,Roberts,Male,22,a.roberts@randatmail.com,910-8008-69,Bachelor,Interpreter,11,2376
Jacob,Carroll,Male,18,j.carroll@randatmail.com,271-5707-92,Master,Hairdresser,9,1173
Evelyn,Montgomery,Female,28,e.montgomery@randatmail.com,580-1099-17,Lower secondary,Archeologist,4,8000
Violet,Stevens,Female,30,v.stevens@randatmail.com,361-8110-93,Doctoral,Florist,13,8037
Alen,Stewart,Male,24,a.stewart@randatmail.com,704-3091-08,Lower secondary,Pharmacist,8,5870
Alford,Douglas,Male,30,a.douglas@randatmail.com,957-4759-74,Bachelor,Florist,10,4310
Byron,Taylor,Male,30,b.taylor@randatmail.com,701-6730-51,Master,Photographer,10,6183
Lucas,Baker,Male,25,l.baker@randatmail.com,402-1788-69,Primary,Cook,7,5258
Agata,Hunt,Female,24,a.hunt@randatmail.com,563-8625-29,Lower secondary,Medic,6,7494
Carl,Murray,Male,19,c.murray@randatmail.com,989-4404-39,Bachelor,Meteorologist,0,1075
Richard,Barrett,Male,30,r.barrett@randatmail.com,018-0178-43,Bachelor,Aeroplane Pilot,12,6893
Sabrina,Cooper,Female,28,s.cooper@randatmail.com,702-3745-51,Upper secondary,Physicist,3,526
Arnold,Carroll,Male,19,a.carroll@randatmail.com,796-4050-28,Bachelor,Historian,4,9825
Ned,Hunt,Male,28,n.hunt@randatmail.com,970-5449-65,Bachelor,Pharmacist,3,916
Abigail,Baker,Female,23,a.baker@randatmail.com,348-0329-82,Lower secondary,Dancer,8,1534
Richard,Owens,Male,29,r.owens@randatmail.com,704-1272-90,Upper secondary,Jeweller,2,8944
Julia,Johnston,Female,25,j.johnston@randatmail.com,978-5909-95,Master,Photographer,6,8145
Lucas,Casey,Male,30,l.casey@randatmail.com,598-6006-36,Bachelor,Cook,14,1345
Dale,Scott,Male,22,d.scott@randatmail.com,674-0590-88,Upper secondary,Driver,3,3557
Dexter,Barrett,Male,30,d.barrett@randatmail.com,712-6706-96,Lower secondary,Salesman,8,4440
Andrew,Cameron,Male,18,a.cameron@randatmail.com,428-1193-20,Doctoral,Florist,3,2974
Ashton,Allen,Male,19,a.allen@randatmail.com,913-2391-68,Primary,Fine Artist,8,7422
Edward,Turner,Male,24,e.turner@randatmail.com,823-3268-08,Bachelor,Carpenter,2,2521
Jenna,Jones,Female,20,j.jones@randatmail.com,528-8872-23,Primary,Programmer,4,2521
Rosie,Montgomery,Female,25,r.montgomery@randatmail.com,347-9253-22,Bachelor,Producer,4,4924
Carlos,Hawkins,Male,26,c.hawkins@randatmail.com,385-8942-76,Doctoral,Physicist,8,2674
Rebecca,Alexander,Female,18,r.alexander@randatmail.com,675-1426-25,Bachelor,Lecturer,3,595
Amy,Scott,Female,30,a.scott@randatmail.com,841-8337-31,Bachelor,Producer,14,678
Camila,Foster,Female,24,c.foster@randatmail.com,102-5468-41,Lower secondary,Programmer,4,9646
Martin,Brooks,Male,26,m.brooks@randatmail.com,891-3101-55,Upper secondary,Firefighter,1,6411
Carlos,Thomas,Male,18,c.thomas@randatmail.com,759-0076-91,Primary,Manager,5,6142
Adam,Adams,Male,19,a.adams@randatmail.com,540-2696-28,Doctoral,Dancer,8,6446
Joyce,Payne,Female,21,j.payne@randatmail.com,788-4673-12,Upper secondary,Cook,1,4250
Kellan,Owens,Male,19,k.owens@randatmail.com,632-4969-69,Master,Chemist,0,8415
Clark,Jones,Male,26,c.jones@randatmail.com,676-7250-96,Bachelor,Accountant,3,8512
Jared,Bailey,Male,25,j.bailey@randatmail.com,248-6026-59,Master,Geologist,2,1662
Stella,Brooks,Female,20,s.brooks@randatmail.com,304-6628-46,Primary,Jeweller,6,4901
Vanessa,Hawkins,Female,19,v.hawkins@randatmail.com,884-2522-55,Bachelor,Insurer,0,3888
Jared,Gray,Male,30,j.gray@randatmail.com,161-9891-44,Primary,Insurer,13,852
Melissa,Bennett,Female,21,m.bennett@randatmail.com,512-7132-00,Lower secondary,Pharmacist,5,9458
Carina,Spencer,Female,29,c.spencer@randatmail.com,069-1917-44,Lower secondary,Cook,10,3864
Olivia,West,Female,25,o.west@randatmail.com,857-6588-23,Upper secondary,Dancer,4,2862
Alissa,Moore,Female,27,a.moore@randatmail.com,404-1335-95,Lower secondary,Chemist,13,1899
Kellan,Campbell,Male,21,k.campbell@randatmail.com,906-3085-29,Upper secondary,Producer,3,2061
Tyler,Mitchell,Male,22,t.mitchell@randatmail.com,631-6772-04,Upper secondary,Lecturer,7,1996
Leonardo,Payne,Male,30,l.payne@randatmail.com,482-2271-18,Master,Historian,14,8992
Mary,Taylor,Female,24,m.taylor@randatmail.com,504-7515-19,Master,Composer,9,1162
Emily,Walker,Female,23,e.walker@randatmail.com,437-4743-57,Doctoral,Agronomist,4,4611
Roman,Rogers,Male,27,r.rogers@randatmail.com,694-3397-03,Upper secondary,Chemist,13,7077
Arianna,Hall,Female,20,a.hall@randatmail.com,324-3235-87,Lower secondary,Firefighter,4,9608
Kimberly,Chapman,Female,18,k.chapman@randatmail.com,359-4408-25,Primary,Florist,5,4042
Henry,Stewart,Male,19,h.stewart@randatmail.com,076-8770-90,Master,Producer,2,6353
Grace,Perry,Female,30,g.perry@randatmail.com,712-0533-44,Upper secondary,Salesman,4,4689
Alexia,Andrews,Female,29,a.andrews@randatmail.com,012-1356-22,Doctoral,Mathematician,0,1702
Emma,Carter,Female,29,e.carter@randatmail.com,241-4506-23,Primary,Police Officer,1,8303
Gianna,Armstrong,Female,20,g.armstrong@randatmail.com,146-1812-63,Upper secondary,Veterinarian,4,7362
Antony,Allen,Male,18,a.allen@randatmail.com,557-7984-88,Doctoral,Meteorologist,4,1151
Dainton,Mason,Male,24,d.mason@randatmail.com,434-7814-55,Lower secondary,Cook,11,1171
Brooke,Murphy,Female,30,b.murphy@randatmail.com,762-0833-13,Bachelor,Medic,15,1718
Albert,Wells,Male,21,a.wells@randatmail.com,895-3696-70,Upper secondary,Singer,1,5106
Tara,Campbell,Female,24,t.campbell@randatmail.com,327-6312-71,Bachelor,Botanist,12,842
Natalie,Owens,Female,23,n.owens@randatmail.com,971-5930-23,Lower secondary,Journalist,10,1011
Alford,Murray,Male,21,a.murray@randatmail.com,359-4881-08,Master,Aeroplane Pilot,10,4017
Adison,Russell,Male,19,a.russell@randatmail.com,910-1330-23,Lower secondary,Veterinarian,0,1603
Honey,Davis,Female,22,h.davis@randatmail.com,300-0120-73,Lower secondary,Salesman,0,1869
Samantha,Hamilton,Female,20,s.hamilton@randatmail.com,540-4713-85,Primary,Police Officer,2,4626
Victoria,Higgins,Female,29,v.higgins@randatmail.com,685-4061-47,Bachelor,Lecturer,13,3004
Fiona,Murphy,Female,24,f.murphy@randatmail.com,219-6229-02,Upper secondary,Meteorologist,3,5606
Lucia,Robinson,Female,23,l.robinson@randatmail.com,454-4481-52,Lower secondary,Astronomer,8,5161
Ryan,Warren,Male,26,r.warren@randatmail.com,055-7914-65,Primary,Florist,11,8114
Paige,Carroll,Female,28,p.carroll@randatmail.com,009-3417-26,Lower secondary,Lecturer,12,6140